Workbook
Name BE_Trigger_R: Value!$B$12:$B$15
Name Entry_Type: Value!$B$2:$B$8
Name Location_Filter: Value!$B$38:$B$39
Name Partial_Pct: Value!$B$21:$B$25
Name Partial_R: Value!$B$16:$B$20
Name Risk_Multiplier: Value!$B$9:$B$11
Name TP_Param: Value!$B$30:$B$33
Name TP_Strategy: Value!$B$26:$B$29
Name Trail_Strategy: Value!$B$34:$B$37

Sheet TLS_Matrix
A1: 159 | B1: =VLOOKUP($A$1,$A$3:$N$218,2,0) -> Impulse Down - BoS Up | C1: =VLOOKUP($A$1,$A$3:$N$218,3,0) -> Impulse Down - ChoCh Down | D1: =VLOOKUP($A$1,$A$3:$N$218,4,0) -> Impulse Down - ChoCh Down | E1: =VLOOKUP($A$1,$A$3:$N$218,5,0) -> 2 | F1: =VLOOKUP($A$1,$A$3:$N$218,6,0) -> 1.0 | G1: =VLOOKUP($A$1,$A$3:$N$218,7,0) -> 0 | H1: =VLOOKUP($A$1,$A$3:$N$218,8,0) -> 0 | I1: =VLOOKUP($A$1,$A$3:$N$218,9,0) -> 0 | J1: =VLOOKUP($A$1,$A$3:$N$218,10,0) -> FIXED_R | K1: =VLOOKUP($A$1,$A$3:$N$218,11,0) -> 2.0 | L1: =VLOOKUP($A$1,$A$3:$N$218,12,0) -> NONE | M1: =VLOOKUP($A$1,$A$3:$N$218,13,0) -> HTF_ZONE | N1: =VLOOKUP($A$1,$A$3:$N$218,14,0) -> 159-Sell Limit tại mép Sell Zone M1 Major, Cắt lỗ ở đỉnh Major.TP: FIXED_R2.0
A2: STT | B2: HTF_State | C2: Maj_State | D2: Min_State | E2: Entry_Type | F2: Risk_Multiplier | G2: BE_Trigger_R | H2: Partial_R | I2: Partial_Pct | J2: TP_Strategy | K2: TP_Param | L2: Trail_Strategy | M2: Location_Filter | N2: Dash_Note
A3: 1 | B3: Impulse Up - BoS Up | C3: Impulse Up - BoS Up | D3: Impulse Up - BoS Up | E3: 1 | F3: 1.0 | G3: 0 | H3: 0 | I3: 0 | J3: FIXED_R | K3: 2.0 | L3: NONE | M3: HTF_ZONE | N3: =_xlfn.CONCAT(A3, "-",VLOOKUP(E3,Value!$B$2:$C$8,2,0),"TP: ",J3,K3) -> 1-Buy Limit tại mép Buy Zone M1 Major, Cắt lỗ ở đáy Major.TP: FIXED_R2.0 | O3: =VLOOKUP(J3,Value!$B$26:$C$29,2,0) -> Chốt lời cố định theo tỷ lệ R (Risk-Reward). | P3: =VLOOKUP(L3,Value!$B$34:$C$37,2,0) -> Tắt tính năng Trailing Stop (Bám đuôi).
A4: 2 | B4: Impulse Up - BoS Up | C4: Impulse Up - BoS Up | D4: Impulse Up - BoS Down | E4: 1 | F4: 1.0 | G4: 0 | H4: 0 | I4: 0 | J4: FIXED_R | K4: 2.0 | L4: NONE | M4: HTF_ZONE | N4: =_xlfn.CONCAT(A4, "-",VLOOKUP(E4,Value!$B$2:$C$8,2,0),"TP: ",J4,K4) -> 2-Buy Limit tại mép Buy Zone M1 Major, Cắt lỗ ở đáy Major.TP: FIXED_R2.0 | O4: =VLOOKUP(J4,Value!$B$26:$C$29,2,0) -> Chốt lời cố định theo tỷ lệ R (Risk-Reward). | P4: =VLOOKUP(L4,Value!$B$34:$C$37,2,0) -> Tắt tính năng Trailing Stop (Bám đuôi).
A5: 3 | B5: Impulse Up - BoS Up | C5: Impulse Up - BoS Up | D5: Impulse Down - ChoCh Down | E5: 1 | F5: 1.0 | G5: 0 | H5: 0 | I5: 0 | J5: FIXED_R | K5: 2.0 | L5: NONE | M5: HTF_ZONE | N5: =_xlfn.CONCAT(A5, "-",VLOOKUP(E5,Value!$B$2:$C$8,2,0),"TP: ",J5,K5) -> 3-Buy Limit tại mép Buy Zone M1 Major, Cắt lỗ ở đáy Major.TP: FIXED_R2.0 | O5: =VLOOKUP(J5,Value!$B$26:$C$29,2,0) -> Chốt lời cố định theo tỷ lệ R (Risk-Reward). | P5: =VLOOKUP(L5,Value!$B$34:$C$37,2,0) -> Tắt tính năng Trailing Stop (Bám đuôi).
A6: 4 | B6: Impulse Up - BoS Up | C6: Impulse Up - BoS Up | D6: Impulse Down - BoS Down | E6: 1 | F6: 1.0 | G6: 0 | H6: 0 | I6: 0 | J6: FIXED_R | K6: 2.0 | L6: NONE | M6: HTF_ZONE | N6: =_xlfn.CONCAT(A6, "-",VLOOKUP(E6,Value!$B$2:$C$8,2,0),"TP: ",J6,K6) -> 4-Buy Limit tại mép Buy Zone M1 Major, Cắt lỗ ở đáy Major.TP: FIXED_R2.0 | O6: =VLOOKUP(J6,Value!$B$26:$C$29,2,0) -> Chốt lời cố định theo tỷ lệ R (Risk-Reward). | P6: =VLOOKUP(L6,Value!$B$34:$C$37,2,0) -> Tắt tính năng Trailing Stop (Bám đuôi).
A7: 5 | B7: Impulse Up - BoS Up | C7: Impulse Up - BoS Up | D7: Impulse Down - BoS Up | E7: 1 | F7: 1.0 | G7: 0 | H7: 0 | I7: 0 | J7: FIXED_R | K7: 2.0 | L7: NONE | M7: HTF_ZONE | N7: =_xlfn.CONCAT(A7, "-",VLOOKUP(E7,Value!$B$2:$C$8,2,0),"TP: ",J7,K7) -> 5-Buy Limit tại mép Buy Zone M1 Major, Cắt lỗ ở đáy Major.TP: FIXED_R2.0 | O7: =VLOOKUP(J7,Value!$B$26:$C$29,2,0) -> Chốt lời cố định theo tỷ lệ R (Risk-Reward). | P7: =VLOOKUP(L7,Value!$B$34:$C$37,2,0) -> Tắt tính năng Trailing Stop (Bám đuôi).
A8: 6 | B8: Impulse Up - BoS Up | C8: Impulse Up - BoS Up | D8: Impulse Up - ChoCh Up | E8: 1 | F8: 1.0 | G8: 0 | H8: 0 | I8: 0 | J8: FIXED_R | K8: 2.0 | L8: NONE | M8: HTF_ZONE | N8: =_xlfn.CONCAT(A8, "-",VLOOKUP(E8,Value!$B$2:$C$8,2,0),"TP: ",J8,K8) -> 6-Buy Limit tại mép Buy Zone M1 Major, Cắt lỗ ở đáy Major.TP: FIXED_R2.0 | O8: =VLOOKUP(J8,Value!$B$26:$C$29,2,0) -> Chốt lời cố định theo tỷ lệ R (Risk-Reward). | P8: =VLOOKUP(L8,Value!$B$34:$C$37,2,0) -> Tắt tính năng Trailing Stop (Bám đuôi).
A9: 7 | B9: Impulse Up - BoS Up | C9: Impulse Up - BoS Down | D9: Impulse Up - BoS Up | E9: 0 | F9: 1.0 | G9: 0 | H9: 0 | I9: 0 | J9: FIXED_R | K9: 2.0 | L9: NONE | M9: HTF_ZONE | N9: =_xlfn.CONCAT(A9, "-",VLOOKUP(E9,Value!$B$2:$C$8,2,0),"TP: ",J9,K9) -> 7-Đứng ngoàiTP: FIXED_R2.0 | O9: =VLOOKUP(J9,Value!$B$26:$C$29,2,0) -> Chốt lời cố định theo tỷ lệ R (Risk-Reward). | P9: =VLOOKUP(L9,Value!$B$34:$C$37,2,0) -> Tắt tính năng Trailing Stop (Bám đuôi).
A10: 8 | B10: Impulse Up - BoS Up | C10: Impulse Up - BoS Down | D10: Impulse Up - BoS Down | E10: 0 | F10: 1.0 | G10: 0 | H10: 0 | I10: 0 | J10: FIXED_R | K10: 2.0 | L10: NONE | M10: HTF_ZONE | N10: =_xlfn.CONCAT(A10, "-",VLOOKUP(E10,Value!$B$2:$C$8,2,0),"TP: ",J10,K10) -> 8-Đứng ngoàiTP: FIXED_R2.0 | O10: =VLOOKUP(J10,Value!$B$26:$C$29,2,0) -> Chốt lời cố định theo tỷ lệ R (Risk-Reward). | P10: =VLOOKUP(L10,Value!$B$34:$C$37,2,0) -> Tắt tính năng Trailing Stop (Bám đuôi).
A11: 9 | B11: Impulse Up - BoS Up | C11: Impulse Up - BoS Down | D11: Impulse Down - ChoCh Down | E11: 0 | F11: 1.0 | G11: 0 | H11: 0 | I11: 0 | J11: FIXED_R | K11: 2.0 | L11: NONE | M11: HTF_ZONE | N11: =_xlfn.CONCAT(A11, "-",VLOOKUP(E11,Value!$B$2:$C$8,2,0),"TP: ",J11,K11) -> 9-Đứng ngoàiTP: FIXED_R2.0 | O11: =VLOOKUP(J11,Value!$B$26:$C$29,2,0) -> Chốt lời cố định theo tỷ lệ R (Risk-Reward). | P11: =VLOOKUP(L11,Value!$B$34:$C$37,2,0) -> Tắt tính năng Trailing Stop (Bám đuôi).
A12: 10 | B12: Impulse Up - BoS Up | C12: Impulse Up - BoS Down | D12: Impulse Down - BoS Down | E12: 0 | F12: 1.0 | G12: 0 | H12: 0 | I12: 0 | J12: FIXED_R | K12: 2.0 | L12: NONE | M12: HTF_ZONE | N12: =_xlfn.CONCAT(A12, "-",VLOOKUP(E12,Value!$B$2:$C$8,2,0),"TP: ",J12,K12) -> 10-Đứng ngoàiTP: FIXED_R2.0 | O12: =VLOOKUP(J12,Value!$B$26:$C$29,2,0) -> Chốt lời cố định theo tỷ lệ R (Risk-Reward). | P12: =VLOOKUP(L12,Value!$B$34:$C$37,2,0) -> Tắt tính năng Trailing Stop (Bám đuôi).
A13: 11 | B13: Impulse Up - BoS Up | C13: Impulse Up - BoS Down | D13: Impulse Down - BoS Up | E13: 0 | F13: 1.0 | G13: 0 | H13: 0 | I13: 0 | J13: FIXED_R | K13: 2.0 | L13: NONE | M13: HTF_ZONE | N13: =_xlfn.CONCAT(A13, "-",VLOOKUP(E13,Value!$B$2:$C$8,2,0),"TP: ",J13,K13) -> 11-Đứng ngoàiTP: FIXED_R2.0 | O13: =VLOOKUP(J13,Value!$B$26:$C$29,2,0) -> Chốt lời cố định theo tỷ lệ R (Risk-Reward). | P13: =VLOOKUP(L13,Value!$B$34:$C$37,2,0) -> Tắt tính năng Trailing Stop (Bám đuôi).
A14: 12 | B14: Impulse Up - BoS Up | C14: Impulse Up - BoS Down | D14: Impulse Up - ChoCh Up | E14: 0 | F14: 1.0 | G14: 0 | H14: 0 | I14: 0 | J14: FIXED_R | K14: 2.0 | L14: NONE | M14: HTF_ZONE | N14: =_xlfn.CONCAT(A14, "-",VLOOKUP(E14,Value!$B$2:$C$8,2,0),"TP: ",J14,K14) -> 12-Đứng ngoàiTP: FIXED_R2.0 | O14: =VLOOKUP(J14,Value!$B$26:$C$29,2,0) -> Chốt lời cố định theo tỷ lệ R (Risk-Reward). | P14: =VLOOKUP(L14,Value!$B$34:$C$37,2,0) -> Tắt tính năng Trailing Stop (Bám đuôi).
... A218: 216 | B218: Impulse Up - ChoCh Up | C218: Impulse Up - ChoCh Up | D218: Impulse Up - ChoCh Up | E218: 1 | F218: 1.0 | G218: 0 | H218: 0 | I218: 0 | J218: FIXED_R | K218: 2.0 | L218: NONE | M218: HTF_ZONE | N218: =_xlfn.CONCAT(A218, "-",VLOOKUP(E218,Value!$B$2:$C$8,2,0),"TP: ",J218,K218) -> 216-Buy Limit tại mép Buy Zone M1 Major, Cắt lỗ ở đáy Major.TP: FIXED_R2.0 | O218: =VLOOKUP(J218,Value!$B$26:$C$29,2,0) -> Chốt lời cố định theo tỷ lệ R (Risk-Reward). | P218: =VLOOKUP(L218,Value!$B$34:$C$37,2,0) -> Tắt tính năng Trailing Stop (Bám đuôi).

Sheet Sheet1
A1: M15-Major | B1: M15 - Minor | C1: M1 - Major | D1: M1 - Minor | E1: Hành động
A2: Tăng | B2: Tăng | C2: Tăng | D2: Tăng | E2: Buy dài
A3: Tăng | B3: Tăng | C3: Tăng | D3: Giảm | E3: Đứng ngoài
A4: Tăng | B4: Tăng | C4: Giảm | D4: Tăng | E4: Buy ngắn
A5: Tăng | B5: Tăng | C5: Giảm | D5: Giảm | E5: Đứng ngoài
A6: Tăng | B6: Giảm | C6: Tăng | D6: Tăng | E6: Buy ngắn (rủi ro)
A7: Tăng | B7: Giảm | C7: Tăng | D7: Giảm | E7: Đứng ngoài
A8: Tăng | B8: Giảm | C8: Giảm | D8: Giảm | E8: Đứng ngoài
A9: Tăng | B9: Giảm | C9: Giảm | D9: Tăng | E9: Đứng ngoài
A10: Giảm | B10: Giảm | C10: Giảm | D10: Giảm | E10: Sell dài
A11: Giảm | B11: Giảm | C11: Giảm | D11: Tăng | E11: Đứng ngoài
A12: Giảm | B12: Giảm | C12: Tăng | D12: Giảm | E12: Sell ngắn
... A17: Giảm | B17: Tăng | C17: Tăng | D17: Giảm | E17: Đứng ngoài

Sheet Value
A1: Tên Cột trong CSV | B1: Giá trị nhập chuẩn (Nhập chính xác chữ) | C1: Ý nghĩa / Mô tả hành động của Bot
A2: Entry_Type | B2: 0 | C2: Đứng ngoài | D2: (Xóa hết lệnh Limit cũ nếu có)
B3: 1 | C3: Buy Limit tại mép Buy Zone M1 Major, Cắt lỗ ở đáy Major.
B4: 2 | C4: Sell Limit tại mép Sell Zone M1 Major, Cắt lỗ ở đỉnh Major.
B5: 3 | C5: Buy Limit tại Minor Buy Zone, Cắt lỗ ngắn ở đáy Minor.
B6: 4 | C6: Sell Limit tại Minor Sell Zone, Cắt lỗ ngắn ở đỉnh Minor.
B7: 5 | C7: Buy Limit tại Minor Buy Zone, Cắt lỗ an toàn ở đáy Major.
B8: 6 | C8: Sell Limit tại Minor Sell Zone, Cắt lỗ an toàn ở đỉnh Major.
A9: Risk_Multiplier | B9: 1.0 | C9: Đánh rủi ro chuẩn (Ví dụ: 0.5% / lệnh như Setting).
B10: 0.5 | C10: Giảm rủi ro đi một nửa (Bằng 0.5 * 0.5 = 0.25%).
B11: 2.0 | C11: Gấp đôi rủi ro (Nhồi lệnh / Sóng đẹp).
A12: BE_Trigger_R | B12: 0 | C12: KHÔNG dời SL hòa vốn (Tắt tính năng).
B13: 1.0 | C13: Đạt lợi nhuận mức R này thì lập tức dời SL về Entry.
B14: 1.5 | C14: Đạt lợi nhuận mức R này thì lập tức dời SL về Entry.
B15: 2.0 | C15: Đạt lợi nhuận mức R này thì lập tức dời SL về Entry.
A16: Partial_R | B16: 0 | C16: KHÔNG chốt lời từng phần.
B17: 1.0 | C17: Đạt lợi nhuận mức R này thì tiến hành chốt bớt Volume.
B18: 2.0 | C18: Đạt lợi nhuận mức R này thì tiến hành chốt bớt Volume.
B19: 3.0 | C19: Đạt lợi nhuận mức R này thì tiến hành chốt bớt Volume.
B20: 5.0 | C20: Đạt lợi nhuận mức R này thì tiến hành chốt bớt Volume.
A21: Partial_Pct | B21: 20 | C21: Chốt 20% Vol | D21: Chốt bao nhiêu % Volume ban đầu (Ví dụ: 50 = Chốt 1/2 vị thế). Nếu cột Partial_R = 0 thì cột này vô tác dụng.
B22: 30 | C22: Chốt 30% Vol
B23: 50 | C23: Chốt 50% Vol
B24: 80 | C24: Chốt 80% Vol
B25: 100 | C25: Chốt 100% Vol
A26: TP_Strategy | B26: FIXED_R | C26: Chốt lời cố định theo tỷ lệ R (Risk-Reward).
B27: OPPOSITE_ZONE | C27: Chốt lời ở mép Zone đối diện của khung M1 (Cản gần nhất).
B28: KEY_LEVEL | C28: Chốt lời ở điểm xoay (Swing High/Low) gần nhất của M1.
B29: HTF_KEY_LEVEL | C29: Chốt lời ở điểm xoay (Swing High/Low) gần nhất của M15.
A30: TP_Param | B30: 2.0 | C30: Tham số bổ trợ cho cột TP_Strategy bên trên:- Nếu là FIXED_R: Đây là số R (Ví dụ 3.0 = TP 3R).- Nếu là OPPOSITE_ZONE: Số Pip dời cách mép Zone đối diện ra để tránh trượt lệnh (Ví dụ: 2 = Chốt trước Zone đối diện 2 pips).
B31: 3.0
B32: 5.0
B33: 10.0
A34: Trail_Strategy | B34: NONE | C34: Tắt tính năng Trailing Stop (Bám đuôi).
B35: TRAIL_MINOR | C35: Dời SL bám theo mép Zone của sóng Minor M1 (Chặt chẽ, dễ cắn nhưng giữ lãi tốt).
B36: TRAIL_MAJOR | C36: Dời SL bám theo mép Zone của sóng Major M1 (Lỏng hơn, nuôi trend dài).
B37: TRAIL_R | C37: Trailing Stop theo Từng nấc R (Ví dụ giá lên 3R dời SL về 2R, giá lên 4R dời về 3R...).
A38: Location_Filter | B38: NONE | C38: KHÔNG cần điều kiện Vị trí. Cứ đúng cấu trúc M1 là quất.
B39: HTF_ZONE | C39: Bật Người Gác Cổng: Bắt buộc Cửa Gatekeeper M15 phải đang MỞ (Đã test HTF Zone) mới được vào lệnh.
A40: Dash_Note | B40: 116-Dung ngoai vv... | C40: Nội dung ghi chú, sẽ được ném thẳng lên Dashboard (dòng Action màu hồng) để anh dễ theo dõi.

Sheet Module
A1: ⚙️ MODULE 1: VÀO LỆNH & ĐIỀU PHỐI KHỐI LƯỢNG (Đã hoàn thành)
A2: Module này chạy khi Chưa có lệnh. Nó đọc tín hiệu từ biểu đồ và quyết định xem có bắn lệnh hay không.
A3: 1. Entry_Type: Bot đọc để biết nên đặt lệnh ở đâu (Buy/Sell, ở Major Zone hay Minor Zone).
A4: 2. Risk_Multiplier: Bot đọc để nhân bản khối lượng. (Ví dụ chuẩn là 0.5% tài khoản, nếu cột này ghi 1.5, Bot sẽ tự động nâng rủi ro lên 0.75%).
A6: 🛡️ MODULE 2: BẢO VỆ VÀ RÚT GỐC (Sẽ code)
A7: Module này chạy trên từng Tick giá khi Lệnh đã khớp và đang chạy. Nó liên tục đo lường khoảng cách từ Entry đến giá hiện tại theo đơn vị R (Risk).
A8: 3. BE_Trigger_R (Breakeven): Công tắc kích hoạt dời SL hòa vốn.
A9: 4. Partial_R: Mốc lợi nhuận kích hoạt chốt lời từng phần.
A10: 5. Partial_Pct: Tỷ lệ % khối lượng sẽ bị cắt đi khi chạm mốc Partial_R.
A12: 🚀 MODULE 3: GỒNG SÓNG VÀ CHỐT LÃI (Sẽ code) Module này kích hoạt khi lệnh đã an toàn (đã dời BE hoặc đã chốt 1 phần), nhiệm vụ của nó là vắt kiệt lợi nhuận.
A13: 6. TP_Strategy: Chiến thuật chốt lời (Chốt theo R cứng, hoặc chốt tại Zone đối diện...). 7. TP_Param: Con số phục vụ cho chiến thuật trên (Ví dụ nếu chọn chốt theo R cứng, thì số 5 ở đây nghĩa là 5R). 8. Trail_Strategy: Chiến thuật dời SL động để bám đuôi giá (Bám theo đỉnh đáy Minor, bám theo nến...).
